<?xml version="1.0" encoding="UTF-8"?>
<beans xmlns="http://www.springframework.org/schema/beans"
     xmlns:xsi="http://www.w3.org/2001/XMLSchema-instance"
     xmlns:aop="http://www.springframework.org/schema/aop"
     xmlns:tx="http://www.springframework.org/schema/tx"
     xsi:schemaLocation="
     http://www.springframework.org/schema/beans 
     http://www.springframework.org/schema/beans/spring-beans-3.0.xsd
     http://www.springframework.org/schema/tx
     http://www.springframework.org/schema/tx/spring-tx-3.0.xsd
     http://www.springframework.org/schema/aop 
     http://www.springframework.org/schema/aop/spring-aop-3.0.xsd">


	<bean id="customerService" class="customers.CustomerService">
		<property name="customerDAO" ref="DAOTimeTrackAOPProxy" />
		<property name="emailSender" ref="emailSenderProxy" />
	</bean>
	<bean id="customerDAO"  class="customers.CustomerDAO" />
	<bean id="emailSender"  class="customers.EmailSender" />
	<bean id="sendEmailAOPLog" class="customers.SendEmailAPOLog" />

	<bean id="emailSenderProxy"
		  class="org.springframework.aop.framework.ProxyFactoryBean">
		<property name="target" ref="emailSender" />

		<property name="interceptorNames">
			<list>
				<value>sendEmailAOPLog</value>
			</list>
		</property>
	</bean>
	<bean id="DAOTimeTrackAOPProxy" class="org.springframework.aop.framework.ProxyFactoryBean">
		<property name="target" ref="customerDAO" />
		<property name="interceptorNames">
			<list>
				<value>DaoTImeTGrackAOP</value>
			</list>
		</property>
	</bean>
	<bean id="DaoTImeTGrackAOP" class="customers.DAOTimeTrackAOP"></bean>
</beans>