<?xml version="1.0" encoding="UTF-8"?>
<beans xmlns="http://www.springframework.org/schema/beans"
     xmlns:xsi="http://www.w3.org/2001/XMLSchema-instance"
     xmlns:aop="http://www.springframework.org/schema/aop"
     xmlns:tx="http://www.springframework.org/schema/tx"
     xsi:schemaLocation="
     http://www.springframework.org/schema/beans 
     http://www.springframework.org/schema/beans/spring-beans-3.0.xsd
     http://www.springframework.org/schema/tx
     http://www.springframework.org/schema/tx/spring-tx-3.0.xsd
     http://www.springframework.org/schema/aop 
     http://www.springframework.org/schema/aop/spring-aop-3.0.xsd">

    <bean id="accountService" class="bank.service.AccountService">
        <property name="accountDAO">
            <ref bean="accoundDao"></ref>
        </property>
    </bean>
    <bean id="accoundDao" class="bank.dao.AccountDAO"></bean>
    <bean id="loggingAspect" class="bank.service.LoggingAspect" />
    <bean id="timeTracker" class="bank.service.timeTracker"></bean>
    <aop:config>
        <aop:aspect id="daoLog" ref="loggingAspect">
            <aop:pointcut id = "selectAll"
                          expression = "execution(* bank.dao.*.*(..))"/>
            <aop:before pointcut-ref = "selectAll" method = "daoLog"/>

        </aop:aspect>
        <aop:aspect id="serviceTimeLog" ref="loggingAspect">
            <aop:pointcut id = "logAllServiceTime"
                          expression = "execution(* bank.service.*.*(..))"/>
            <aop:around pointcut-ref = "logAllServiceTime" method = "loggingTime"/>

        </aop:aspect>
    </aop:config>
</beans>
